<?xml version="1.0" encoding="UTF-8"?>  
<databaseChangeLog
    xmlns="http://www.liquibase.org/xml/ns/dbchangelog"
    xmlns:xsi="http://www.w3.org/2001/XMLSchema-instance"
    xmlns:ext="http://www.liquibase.org/xml/ns/dbchangelog-ext"
    xmlns:pro="http://www.liquibase.org/xml/ns/pro"
    xsi:schemaLocation="http://www.liquibase.org/xml/ns/dbchangelog
        http://www.liquibase.org/xml/ns/dbchangelog/dbchangelog-latest.xsd
        http://www.liquibase.org/xml/ns/dbchangelog-ext http://www.liquibase.org/xml/ns/dbchangelog/dbchangelog-ext.xsd
        http://www.liquibase.org/xml/ns/pro http://www.liquibase.org/xml/ns/pro/liquibase-pro-latest.xsd">

     <changeSet  id="1"  author="Jeganathan Swaminathan">  
         <createTable  tableName="training">  
             <column  name="id"  type="int">  
                 <constraints  primaryKey="true"  nullable="false"/>  
             </column>  
             <column  name="name"  type="varchar(200)">  
                 <constraints  nullable="false"/>  
             </column>  
             <column  name="duration"  type="varchar(200)"/>  
         </createTable>  
    </changeSet>  
    <changeSet id="2" author="Jeganathan Swaminathan">
	    <addColumn tableName="training">
		    <column name="from_date" type="varchar(200)"/>
		    <column name="to_date" type="varchar(200)"/>
	    </addColumn>
    </changeSet>
</databaseChangeLog>
